Group,Sample ID,Height,Through Rad Sr Columns,Through Stable Sr Columns,rsWheel Number,rsDate,rsSample mass for analysis (600 ng Sr),87/86Sr,rsInternal Precision,,rsRep 1 Wheel #,rsRep 1 date,rsRep 1 87/86Sr,rsRep 1 internal precision,rsRep 2 Wheel #,rsRep 2 date,rsRep 2 87/86Sr,rsRep 2 internal precision,ssWheel Number,ssDate,ssSample mass for analysis,ssSpike mass for analysis,,Stable Sr,ssInternal Precision,ssRep 1 Wheel #,ssRep 1 date,ssrep 1 value,ssrep 1 internal precision,ssRep 2 Wheel #,ssRep 2 date,srsRep 2 88/86,ssRep 2 internal precision,CaSample mass for analysis (g) ,Ca spike mass (g),thru columns w Tia,Wheel #,Date run on TIMS,44/40Ca,Internal Precision,,Rep 1 Wheel #,CaRep 1 date,CaRep 1 ,CaRep 1 internal precision,,Rep 2 Wheel #,CaRep 2 date,CaRep 2,CaRep 2 internal precision,,Ca ppm,Sr ppm ,Mg ppm,Mn ppb,Rb ppb,d13c,d18o,δSsulfate34,δSpyrite34,ΔS34,[CAS],FeS2- S
CuCap,MM1,316.1,,,W688,8/21/18,,0.70663,0.000008,,,,,,,,,,W836,7/15/2019,,,,0.472,0.0080500,W816,6/7/19,0.4719076,0.008049118,,,,,0.0737,0.57576,,922,10/29/20,-0.269,0.02387,,,,,,,,,,,,250435.52,1254.49,4696.25,21.55,0.12,7.74,-5.79,,51.74,,,
CuCap,MM2,275.1,,,W688,8/21/18,,0.70649,0.000006,,,,,,,,,,W745,12/12/2018,,,,0.356,0.0066410,,,,,,,,,0.08845,0.59795,,986,8/3/2021,-0.887,0.02219,,,,,,,,,,,,387789.34,1383.95,2944.43,36.36,0.08,5.93,-2.34,31.18,27.03,4.15,26.72,
CuCap,MM3,287.9,,,W688,8/21/18,,0.70652,0.000005,,,,,,,,,,W745,12/12/2018,,,,0.465,0.0080730,,,,,,,,,0.05282,0.59023,,922,10/29/20,-0.718,0.02029,,,,,,,,,,,,223712.00,463.96,2038.25,115.13,2.02,5.57,-5.86,32.92,30.16,2.76,24.64,
CuCap,MM4,218.3,,8/1/19,W688,8/21/18,,0.70670,0.000007,,,,,,,,,,W863_W864_W865,9/16/2019,0.14128,0.59125,,0.182,0.0084140,W816,6/7/19,0.2079268,0.007646507,W887,3/16/20,0.19577778,0.00770047,0.13419,0.58501,,980,7/8/21,-0.520,0.02327,,986,8/3/21,-0.51118,0.02248,,,,,,,161547.15,1864.59,52147.85,110.97,2.08,-2.18,-2.35,,-17.56,,,767.96
CuCap,MM5,187.5,,,W688,8/21/18,,0.70883,0.000006,,,,,,,,,,W836,7/15/2019,,,,0.230,0.0068410,W816,6/7/19,0.2399471,0.008064656,,,,,0.06658,0.6123,,922,10/29/2020,-1.099,0.02232,,,,,,,,,,,,253089.39,360.41,8017.17,469.78,0.65,-3.18,-5.82,27.01,2.77,24.24,139.94,351.28
CuCap,MM6,319,,8/6/19,W688,8/21/18,,0.70665,0.000007,,,,,,,,,,W863_W864_W865,9/16/19,0.11602,0.64417,,0.448,0.0074310,W889,4/10/20,0.47015769,0.007627,,,,,0.05601,0.58042,,986,8/3/2021,-0.550,0.02323,,,,,,,,,,,,301748.39,1787.48,41856.76,31.22,0.06,7.95,-5.26,40.15,30.87,9.28,57.52,42.69
CuCap,MM7,293.4,,8/6/19,W688,8/21/18,,0.70656,0.000006,,,,,,,,,,,,0.40822,0.63094,,,,,,,,,,,,0.05122,0.62468,,953,2/24/2021,-0.712,0.02114,,957,3/18/21,12/29/99,12/30/99,,,,,,,406070.32,718.16,3517.92,22.16,0.06,4.41,-6.09,31.95,32.80,-0.85,,
CuCap,MM8,310.1,,,W688,8/21/18,,0.70666,0.000006,,W942,1/7/21,0.706512,0.000007,,,,,W745,12/12/2018,,,,0.474,0.0079470,,,,,,,,,0.05804,0.58772,,986,8/3/2021,-0.269,0.02051,,,,,,,,,,,,317036.94,1279.95,6334.61,23.00,0.19,7.64,-5.90,46.49,50.45,-3.96,72.89,
CuCap,MM9,228.9,,,W688,8/21/18,,0.70666,0.000006,,,,,,,,,,W836,7/15/2019,,,,0.270,0.0089800,W816,6/7/19,0.2868757,0.00690858,,,,,0.08939,0.55861,,953,2/24/2021,-0.839,0.02234,,957,3/18/21,12/29/99,12/30/99,,,,,,,296959.28,1408.47,45902.75,530.81,6.55,0.13,-3.65,35.16,22.73,12.43,37.13,137.56
CuCap,MM10,289.9,,,W819,6/7/19,,0.70665,0.000006,,W942,1/7/21,0.706658,0.000006,,,,,W745,12/12/18,,,,0.415,0.0074950,,,,,,,,,0.04999,0.59778,,,,,,,,,,,,,,,,,405064.09,730.78,3612.59,30.05,0.20,6.43,-5.59,30.88,31.54,-0.66,31.81,
CuCap,MM11,284.4,,,W744,12/11/18,,0.70645,0.000006,,,,,,,,,,W887,3/16/2020,,,,0.411,0.0083180,,,,,,,,,0.05309,0.59782,,986,8/3/2021,-0.803,0.02314,,,,,,,,,,,,401750.89,929.87,3821.77,63.52,0.04,5.99,-4.17,,31.84,,,
CuCap,MM12,148.1,2/18/20,2/18/20,W881-2,3/1/20,1.01114,0.70877,0.000007,,,,,,,,,,W887,3/16/2020,1.01234,0.62462,,0.342,0.0077010,,,,,,,,,0.15439,0.55793,,922,10/29/2020,-1.139,0.021845,,,,,,,,,,,,124673.21,171.43,8543.84,672.46,5.81,-5.25,-6.19,12.81,0.20,12.61,95.21,1578.90
CuCap,MM13,93,,,W744,12/11/18,,0.71103,0.000006,,,,,,,,,,W816,6/7/2019,0.62962,0.6038,,0.436,0.0065731,,,,,,,,,0.06797,0.59948,,986,8/3/2021,-0.889,0.02524,,,,,,,,,,,,138505.29,315.67,3992.02,807.99,2.30,-8.16,-7.79,14.83,-3.47,18.30,781.33,1470.28
CuCap,MM14,290.9,,8/6/19,W744,12/11/18,,0.70660,0.000007,,,,,,,,,,W836,7/15/2019,0.253,0.62,,0.437,0.0075230,,,,,,,,,0.07089,0.59156,,,,,,,,,,,,,,,,,163437.59,543.98,6493.40,27.81,0.07,5.22,-6.28,,32.07,,,
CuCap,MM15,322.7,,,W744,12/11/18,,0.70667,0.000007,,,,,,,,,,W746,12/15/2018,,,,0.423,0.0078790,,,,,,,,,0.08185,0.60006,,986,8/3/2021,-0.297,0.02168,,,,,,,,,,,,766289.82,1523.09,32744.06,20.39,0.14,8.07,-5.16,41.87,52.04,-10.17,69.37,44.69
CuCap,MM16,345,,,W688,8/21/18,,0.70672,0.000006,,,,,,,,,,W838,7/17/19,,,,0.254,0.0074536,,,,,,,,,0.04049,0.5871,,,,,,,,,,,,,,,,,426785.20,848.21,2449.58,117.48,1.60,1.43,-7.17,23.94,20.58,3.36,112.02,122.37
CuCap,MM17,249,,8/6/19,W744,12/11/18,,0.70650,0.000008,,,,,,,,,,W909,9/14/20,0.11067,0.63799,,0.303,0.0070000,,,,,,,,,0.04588,0.58726,,953,2/24/2021,-0.983,0.02166,,,,,,,,,,,,357991.82,1670.63,47496.95,109.41,0.58,3.35,-3.40,,19.47,,,
CuCap,MM18,82.8,,,W744,12/11/18,,0.71097,0.000008,,,,,,,,,,,,,,,,,,,,,,,,,0.09581,0.59218,,922,10/29/2020,-0.799,0.025113,,,,,,,,,,,,288239.27,343.06,2948.45,695.25,2.53,-7.28,-7.81,8.99,-14.63,23.62,568.39,991.85
CuCap,MM19,176.2,,8/6/19,W688,8/21/18,,0.71118,0.000007,,,,,,,,,,W887,3/16/2020,2.28162,0.63626,,0.263,0.0081670,,,,,,,,,0.06676,0.57353,,,,,,,,,,,,,,,,,118779.70,106.30,5639.54,52.01,7.07,-2.76,-5.25,5.35,-6.41,11.76,62.97,657.22
CuCap,MM20,204.2,,,W744,12/11/18,,0.70672,0.000006,,,,,,,,,,W746,12/15/18,,,,0.332,0.0077550,,,,,,,,,0.05525,0.5722,,947,1/26/2021,-0.927,0.0240662,,,,,,,,,,,,338898.19,1560.35,47327.93,77.20,0.58,-1.51,-4.24,,26.90,,,81.27
CuCap,MM21,326.9,,8/6/19,W744,12/11/18,,0.70667,0.000006,,,,,,,,,,W887,3/16/20,0.05666,0.60202,,0.104,0.0064440,,,,,,,,,0.07708,0.61967,,922,10/29/2020,-0.480,0.019165,,,,,,,,,,,,255057.87,4566.38,43563.54,83.22,0.29,5.06,-4.34,19.93,-1.07,21.00,10.90,
CuCap,MM22,155.2,2/18/20,2/18/20,W766,2/7/19,0.15863,0.70755,0.000006,,W942,1/7/21,0.707455,0.000006,W942,1/7/21,0.707468,0.000008,W909,9/14/20,0.15148,0.63809,,0.410,0.0090000,,,,,,,,,0.0524,0.5806,,,,,,,,,,,,,,,,,289044.79,1164.15,16322.97,1280.87,1.56,-7.29,-7.43,3.72,-4.00,7.72,613.44,1025.27
CuCap,MM23,348.5,,,W744,12/11/18,,0.70689,0.000006,,,,,,,,,,,,,,,,,,,,,,,,,0.0484,0.58567,,922,10/29/2020,-0.341,0.019993,,945,1/17,-0.34074,0.01999,,8/14/02,3/18/21,-0.38602,0.02087,,353468.73,130.42,233.23,108.52,0.13,4.26,-12.34,21.68,-17.60,39.28,331.19,8.93
CuCap,MM24,268.6,2/18/20,8/6/19,W881-2,3/1/20,0.4143,0.70645,0.000007,,,,,,,,,,W912,9/19/20,0.41753,0.56207,,0.360,0.0078090,,,,,,,,,0.09728,0.62059,,948,3/2/2021,-0.964,0.02183,,,,,,,,,,,,417581.68,1146.57,3837.20,64.41,0.09,4.89,-4.52,,29.68,,,
CuCap,MM25,356.5,,8/6/19,W942,1/7/21,,0.70837,0.000007,,,,,,,,,,,,1.26618,0.6012,,,,,,,,,,,,0.09889,0.58282,,,,,,,,,,,,,,,,,236040.34,218.02,304.06,2478.09,1.94,4.55,-12.50,25.04,-19.31,44.35,250.52,695.83
CuCap,MM26,71.3,,8/6/19,W688,8/21/18,,0.71392,0.000007,,,,,,,,,,W887,3/16/20,1.79044,0.61344,,0.197,0.0078780,,,,,,,,,0.14952,0.58906,,,,,,,,,,,,,,,,,82552.37,82.55,12523.14,1668.33,1.06,-7.46,-7.31,7.72,-11.81,19.53,205.48,1441.82
CuCap,MM27,299.6,2/18/20,8/6/19,W688,8/21/18,0.38134,0.70674,0.000007,,W942,1/7/21,0.706745,0.000006,,,,,W890,4/24/2020,0.38103,0.60995,,0.361,0.0073920,< run a dup??,,,,,,,,0.05155,0.57512,,922,10/29/2020,-0.670,0.02157,,945,1/17,12/29/99,12/30/99,,,,,,,405882.43,996.46,13508.36,32.26,0.20,5.13,-6.60,,26.22,,,
CuCap,MM28,144,,7/10/19,W688,8/21/18,,0.70894,0.000006,,,,,,,,,,W838,7/17/2019,1.78613,0.59938,,0.365,0.0073453,,,,,,,,,0.24307,0.60835,,986,8/3/2021,-1.174,0.02173,,,,,,,,,,,,542176.41,254.90,5762.25,624.91,4.28,-6.45,-6.59,-0.48,-1.38,0.90,8286.11,2208.80
CuCap,MM29,296.3,2/18/20,2/18/20,W688,8/21/18,0.47272,0.70671,0.000007,,W942,1/7/21,0.706700,0.000006,,,,,W838,7/17/2019,0.47232,0.60941,,0.398,0.0077487,,,,,,,,,0.0668,0.59396,,,,,,,,,,,,,,,,,435535.69,747.96,7883.33,43.64,0.20,,,,30.90,,,
CuCap,MM30,281.4,,7/10/19,W688,8/21/18,,0.70644,0.000006,,,,,,,,,,W863_W864_W865,9/16/19,0.22846,0.61231,,0.356,0.0077150,,,,,,,,,0.0613,0.60795,,980,7/8/2021,-0.884,0.02272,,,,,,,,,,,,419264.48,1336.42,3341.06,62.25,0.21,6.41,-2.88,32.81,33.03,-0.22,,
CuCap,MM31,254.9,,7/10/19,W688,8/21/18,,0.70655,0.000006,,,,,,,,,,,,0.28094,0.79789,,,,,,,,,,,,0.10704,0.5873,,980,7/8/2021,-1.016,0.01855,,,,,,,,,,,,390377.63,1791.52,17838.13,92.67,2.41,3.81,-4.18,,21.39,,,108.96
CuCap,MM32,286.6,,7/10/19,W688,8/21/18,,0.70655,0.000006,,,,,,,,,,W889,4/10/2020,,,,0.380,0.0075920,,,,,,,,,0.04673,0.59867,,922,10/29/2020,-0.738,0.024619,,,,,,,,,,,,417446.13,1158.46,6051.97,103.12,0.15,4.53,-5.44,25.80,28.47,-2.67,,
CuCap,MM33,191.1,,7/10/19,W978,6/14/21,,0.71010,0.000006,,,,,,,,,,,,,,,,,,,,,,,,,0.05341,0.60509,,986,8/3/2021,-1.124,0.02129,,,,,,,,,,,,102531.47,251.91,7555.69,36.96,0.04,-3.15,-5.98,23.46,-11.81,35.27,94.81,648.31
CuCap,MM34,352.4,,7/10/19,W766,2/7/19,,0.70803,0.000006,,,,,,,,,,W838,7/17/19,0.85226,0.59142,,0.560,0.0066178,,,,,,,,,0.06709,0.57365,,986,8/3/2021,-0.593,0.02115,,,,,,,,,,,,193198.68,3133.48,328.27,366.71,0.61,5.20,-17.08,25.95,-18.66,44.61,165.03,1.87
,Blk-1,,,,,,,,,,,,,,,,,,,,,,,,,,,,,,,,,,,,,,,,,,,,,,,,,,,,,,,,,,,,,,
,,,,,,,,,,,,,,,,,,,,,,,,,,,,,,,,,,,,,,,,,,,,,,,,,,,,,,,,,,,,,,,
,,,,,,,,,,,,,,,,,,,,,,,,,,,,,,,,,,,,,,,,,,,,,,,,,,,,,,,,,,,,,,,
,IAPSO 1 2/13,,,,,,,,,,,,,,,,,,,,0.07719,0.59204,,,,,,,,,,,,,,,,,,,,,,,,,,,,,,,,,,,,,,,,,
,IAPSO 2 2/13,,,,,,,,,,,,,,,,,,,,0.07716,0.596,,,,,,,,,,,,,,,,,,,,,,,,,,,,,,,,,,,,,,,,,
,IAPSO 5 7/8,,,,,,,,,,,,,,,,,,,,0.07691,0.59443,,,,,,,,,,,,,,,,,,,,,,,,,,,,,,,,,,,,,,,,,
,,,,,,,,,,,,,,,,,,,,,,,,,,,,,,,,,,,,,,,,,,,,,,,,,,,,,,,,,,,,,,,
Halverson,HP1,303.8,,,,,,0.70644,,,,,,,,,,,,,,,,,,,,,,,,,,,,,,,,,,,,,,,,,,,,,,,,,8.10,-5.20,,,,,
Halverson,HP2,291.2,,,,,,0.70669,,,,,,,,,,,,,,,,,,,,,,,,,,,,,,,,,,,,,,,,,,,,,,,,,7.60,-5.90,,,,,
Halverson,HP3,280.6,,,,,,0.70664,,,,,,,,,,,,,,,,,,,,,,,,,,,,,,,,,,,,,,,,,,,,,,,,,5.10,-6.60,,,,,
Halverson,HP4,262.5,,,,,,0.70674,,,,,,,,,,,,,,,,,,,,,,,,,,,,,,,,,,,,,,,,,,,,,,,,,6.40,-2.90,,,,,
Halverson,HP5,208.3,,,,,,0.70663,,,,,,,,,,,,,,,,,,,,,,,,,,,,,,,,,,,,,,,,,,,,,,,,,-2.20,-2.40,,,,,
Halverson,HP6,204.2,,,,,,0.70666,,,,,,,,,,,,,,,,,,,,,,,,,,,,,,,,,,,,,,,,,,,,,,,,,-1.50,-4.20,,,,,
CuCap_mili,MM1-A,316.1,,,,,,,,,,,,,,,,,,,,,,,,,,,,,,,,,,,,,,,,,,,,,,,,,,271230.95,1570.75,8198.24,21.69,0.02,,,,,,,
CuCap_mili,MM1-B,316.1,,,,,,,,,,,,,,,,,,,,,,,,,,,,,,,,,,,,,,,,,,,,,,,,,,1020421.58,597.91,44947.51,43.93,0.11,,,,,,,
CuCap_mili,MM3-A,287.9,,,,,,,,,,,,,,,,,,,,,,,,,,,,,,,,,,,,,,,,,,,,,,,,,,360944.47,669.03,4228.47,28.06,0.02,,,,,,,
CuCap_mili,MM3-B,287.9,,,,,,,,,,,,,,,,,,,,,,,,,,,,,,,,,,,,,,,,,,,,,,,,,,345154.24,641.41,3962.55,27.67,0.02,,,,,,,
CuCap_mili,MM5-A,187.5,,,,,,,,,,,,,,,,,,,,,,,,,,,,,,,,,,,,,,,,,,,,,,,,,,271229.41,479.80,61181.65,464.74,0.08,,,,,,,
CuCap_mili,MM5-B,187.5,,,,,,,,,,,,,,,,,,,,,,,,,,,,,,,,,,,,,,,,,,,,,,,,,,272876.32,477.19,57085.54,457.54,0.08,,,,,,,
CuCap_mili,MM7-A,293.4,,,,,,,,,,,,,,,,,,,,,,,,,,,,,,,,,,,,,,,,,,,,,,,,,,359206.95,784.34,2966.93,29.71,0.02,,,,,,,
CuCap_mili,MM7-B,293.4,,,,,,,,,,,,,,,,,,,,,,,,,,,,,,,,,,,,,,,,,,,,,,,,,,365133.10,983.16,3307.62,26.53,0.02,,,,,,,
CuCap_mili,MM9-A,228.9,,,,,,,,,,,,,,,,,,,,,,,,,,,,,,,,,,,,,,,,,,,,,,,,,,264675.36,1682.92,46053.81,47.67,1.29,,,,,,,
CuCap_mili,MM9-B,228.9,,,,,,,,,,,,,,,,,,,,,,,,,,,,,,,,,,,,,,,,,,,,,,,,,,255279.61,1752.74,41360.24,46.65,1.09,,,,,,,
CuCap_mili,MM12-A,148.1,,,,,,,,,,,,,,,,,,,,,,,,,,,,,,,,,,,,,,,,,,,,,,,,,,125144.96,329.25,41524.24,702.43,1.60,,,,,,,
CuCap_mili,MM12-B,148.1,,,,,,,,,,,,,,,,,,,,,,,,,,,,,,,,,,,,,,,,,,,,,,,,,,116148.12,306.10,39644.30,683.75,1.72,,,,,,,
CuCap_mili,MM13-A,93,,,,,,,,,,,,,,,,,,,,,,,,,,,,,,,,,,,,,,,,,,,,,,,,,,185045.79,259.48,20698.67,727.52,1.17,,,,,,,
CuCap_mili,MM13-B,93,,,,,,,,,,,,,,,,,,,,,,,,,,,,,,,,,,,,,,,,,,,,,,,,,,213293.89,294.15,11863.44,736.36,0.65,,,,,,,
CuCap_mili,MM16-A,345,,,,,,,,,,,,,,,,,,,,,,,,,,,,,,,,,,,,,,,,,,,,,,,,,,355956.36,184.78,1488.98,102.20,0.02,,,,,,,
CuCap_mili,MM16-B,345,,,,,,,,,,,,,,,,,,,,,,,,,,,,,,,,,,,,,,,,,,,,,,,,,,365326.58,170.92,1422.89,130.23,0.02,,,,,,,
CuCap_mili,MM18-A,82.8,,,,,,,,,,,,,,,,,,,,,,,,,,,,,,,,,,,,,,,,,,,,,,,,,,142337.25,114.62,17574.53,560.17,1.29,,,,,,,
CuCap_mili,MM18-B,82.8,,,,,,,,,,,,,,,,,,,,,,,,,,,,,,,,,,,,,,,,,,,,,,,,,,173833.63,157.35,7743.63,600.15,0.95,,,,,,,
CuCap_mili,MM21-A,326.9,,,,,,,,,,,,,,,,,,,,,,,,,,,,,,,,,,,,,,,,,,,,,,,,,,285788.58,4700.02,19759.03,67.19,0.04,,,,,,,
CuCap_mili,MM21-B,326.9,,,,,,,,,,,,,,,,,,,,,,,,,,,,,,,,,,,,,,,,,,,,,,,,,,18447.23,639.01,6635.18,11.04,0.01,,,,,,,
CuCap_mili,MM23-A,348.5,,,,,,,,,,,,,,,,,,,,,,,,,,,,,,,,,,,,,,,,,,,,,,,,,,338684.62,967.97,3325.23,130.45,0.27,,,,,,,
CuCap_mili,MM23-B,348.5,,,,,,,,,,,,,,,,,,,,,,,,,,,,,,,,,,,,,,,,,,,,,,,,,,318274.98,945.80,3083.02,101.30,0.24,,,,,,,
CuCap_mili,MM25-A,356.5,,,,,,,,,,,,,,,,,,,,,,,,,,,,,,,,,,,,,,,,,,,,,,,,,,331939.68,320.08,2478.22,3688.87,0.23,,,,,,,
CuCap_mili,MM25-B,356.5,,,,,,,,,,,,,,,,,,,,,,,,,,,,,,,,,,,,,,,,,,,,,,,,,,208100.38,289.56,8232.80,2229.38,0.74,,,,,,,
CuCap_mili,MM27-A,299.6,,,,,,,,,,,,,,,,,,,0.07678,0.59781,,,,,,,,,,,,,,,,,,,,,,,,,,,,,,329988.13,1429.03,11386.03,39.30,0.04,,,,,,,
CuCap_mili,MM27-B,299.6,,,,,,,,,,,,,,,,,,,0.07708,0.61425,,,,,,,,,,,,,,,,,,,,,,,,,,,,,,334714.96,1249.02,11324.38,38.66,0.05,,,,,,,
CuCap_mili,MM28-A,144,,,,,,,,,,,,,,,,,,,,,,,,,,,,,,,,,,,,,,,,,,,,,,,,,,109956.18,304.11,28461.91,632.65,1.18,,,,,,,
CuCap_mili,MM28-B,144,,,,,,,,,,,,,,,,,,,,,,,,,,,,,,,,,,,,,,,,,,,,,,,,,,11513.05,34.11,2870.97,64.67,0.13,,,,,,,
CuCap_mili,MM32-A,286.6,,,,,,,,,,,,,,,,,,,,,,,,,,,,,,,,,,,,,,,,,,,,,,,,,,347186.01,691.33,3063.50,72.30,0.02,,,,,,,
CuCap_mili,MM32-B,286.6,,,,,,,,,,,,,,,,,,,,,,,,,,,,,,,,,,,,,,,,,,,,,,,,,,316145.05,1239.64,13157.69,127.71,0.10,,,,,,,
CuCap_maloof,Maloof1,68.3,,,,,,,,,,,,,,,,,,,,,,,,,,,,,,,,,,,,,,,,,,,,,,,,,,,,,,,-6.06,-7.71,,,,,
CuCap_maloof,Maloof2,69.5,,,,,,,,,,,,,,,,,,,,,,,,,,,,,,,,,,,,,,,,,,,,,,,,,,,,,,,-6.98,-8.35,,,,,
CuCap_maloof,Maloof3,70.6,,,,,,,,,,,,,,,,,,,,,,,,,,,,,,,,,,,,,,,,,,,,,,,,,,,,,,,-7.40,-7.60,,,,,
CuCap_maloof,Maloof4,135.7,,,,,,,,,,,,,,,,,,,,,,,,,,,,,,,,,,,,,,,,,,,,,,,,,,,,,,,-6.64,-7.57,,,,,
CuCap_maloof,Maloof5,137,,,,,,,,,,,,,,,,,,,,,,,,,,,,,,,,,,,,,,,,,,,,,,,,,,,,,,,-8.04,-3.66,,,,,
CuCap_maloof,Maloof6,140.6,,,,,,,,,,,,,,,,,,,,,,,,,,,,,,,,,,,,,,,,,,,,,,,,,,,,,,,-5.29,-5.37,,,,,
CuCap_maloof,Maloof7,146.1,,,,,,,,,,,,,,,,,,,,,,,,,,,,,,,,,,,,,,,,,,,,,,,,,,,,,,,-5.60,-6.31,,,,,
CuCap_maloof,Maloof8,150.4,,,,,,,,,,,,,,,,,,,,,,,,,,,,,,,,,,,,,,,,,,,,,,,,,,,,,,,-5.35,-6.43,,,,,
CuCap_maloof,Maloof9,158.2,,,,,,,,,,,,,,,,,,,,,,,,,,,,,,,,,,,,,,,,,,,,,,,,,,,,,,,-3.37,-4.67,,,,,
CuCap_maloof,Maloof10,164.6,,,,,,,,,,,,,,,,,,,,,,,,,,,,,,,,,,,,,,,,,,,,,,,,,,,,,,,-5.28,-7.43,,,,,
CuCap_maloof,Maloof11,183.3,,,,,,,,,,,,,,,,,,,,,,,,,,,,,,,,,,,,,,,,,,,,,,,,,,,,,,,-4.69,-6.64,,,,,
CuCap_maloof,Maloof12,192.3,,,,,,,,,,,,,,,,,,,,,,,,,,,,,,,,,,,,,,,,,,,,,,,,,,,,,,,-1.14,-5.49,,,,,
CuCap_maloof,Maloof13,196.2,,,,,,,,,,,,,,,,,,,,,,,,,,,,,,,,,,,,,,,,,,,,,,,,,,,,,,,-0.86,-5.12,,,,,
CuCap_maloof,Maloof14,271.7,,,,,,,,,,,,,,,,,,,,,,,,,,,,,,,,,,,,,,,,,,,,,,,,,,,,,,,4.60,-3.67,,,,,
CuCap_maloof,Maloof15,288.4,,,,,,,,,,,,,,,,,,,,,,,,,,,,,,,,,,,,,,,,,,,,,,,,,,,,,,,5.06,-6.18,,,,,
CuCap_maloof,Maloof16,305.3,,,,,,,,,,,,,,,,,,,,,,,,,,,,,,,,,,,,,,,,,,,,,,,,,,,,,,,6.52,-6.04,,,,,
CuCap_maloof,Maloof17,314.7,,,,,,,,,,,,,,,,,,,,,,,,,,,,,,,,,,,,,,,,,,,,,,,,,,,,,,,7.69,-5.72,,,,,
CuCap_maloof,Maloof18,347.3,,,,,,,,,,,,,,,,,,,,,,,,,,,,,,,,,,,,,,,,,,,,,,,,,,,,,,,3.03,-19.12,,,,,
CuCap_maloof,Maloof19,350.5,,,,,,,,,,,,,,,,,,,,,,,,,,,,,,,,,,,,,,,,,,,,,,,,,,,,,,,5.14,-16.36,,,,,
CuCap_maloof,Maloof20,354.3,,,,,,,,,,,,,,,,,,,,,,,,,,,,,,,,,,,,,,,,,,,,,,,,,,,,,,,2.71,-14.10,,,,,
CuCap_maloof,Maloof21,355.5,,,,,,,,,,,,,,,,,,,,,,,,,,,,,,,,,,,,,,,,,,,,,,,,,,,,,,,3.70,-14.61,,,,,
CuCap_maloof,Maloof22,356,,,,,,,,,,,,,,,,,,,,,,,,,,,,,,,,,,,,,,,,,,,,,,,,,,,,,,,4.30,-12.82,,,,,
CuCap_maloof,Maloof23,356.2,,,,,,,,,,,,,,,,,,,,,,,,,,,,,,,,,,,,,,,,,,,,,,,,,,,,,,,4.55,-12.50,,,,,
JWang OAE,Jwang1,203.4,,,,,,0.70744,,,,,,,,,,,,,,,,0.370,,,,,,,,,,,,,,,-0.740,,,,,,,,,,,,,394425.00,204.00,3015.00,32.00,,2.72,-1.61,,,,,
JWang OAE,Jwang2,261.33,,,,,,0.70740,,,,,,,,,,,,,,,,0.320,,,,,,,,,,,,,,,-0.800,,,,,,,,,,,,,394666.00,207.00,3256.00,38.00,,1.34,-3.24,,,,,
JWang OAE,Jwang3,309.25,,,,,,0.70742,,,,,,,,,,,,,,,,0.320,,,,,,,,,,,,,,,-0.770,,,,,,,,,,,,,382514.00,181.00,3012.00,31.00,,2.77,-1.12,,,,,
JWang OAE,Jwang4,367.34,,,,,,0.70733,,,,,,,,,,,,,,,,0.310,,,,,,,,,,,,,,,-0.760,,,,,,,,,,,,,387992.00,204.00,3136.00,38.00,,2.70,-2.36,,,,,
JWang OAE,Jwang5,405.83,,,,,,0.70733,,,,,,,,,,,,,,,,0.320,,,,,,,,,,,,,,,-0.770,,,,,,,,,,,,,386984.00,182.00,2865.00,54.00,,2.68,-1.80,,,,,
JWang OAE,Jwang6,483.15,,,,,,0.70727,,,,,,,,,,,,,,,,0.290,,,,,,,,,,,,,,,-1.000,,,,,,,,,,,,,394683.00,234.00,4211.00,39.00,,1.28,-3.41,,,,,
JWang OAE,Jwang7,521.4,,,,,,0.70730,,,,,,,,,,,,,,,,0.270,,,,,,,,,,,,,,,-0.870,,,,,,,,,,,,,343013.00,255.00,3361.00,41.00,,2.60,-1.82,,,,,
JWang OAE,Jwang8,550.52,,,,,,0.70733,,,,,,,,,,,,,,,,0.290,,,,,,,,,,,,,,,,,,,,,,,,,,,,367521.00,264.00,3874.00,43.00,,2.90,-2.68,,,,,
JWang OAE,Jwang9,571.15,,,,,,0.70732,,,,,,,,,,,,,,,,0.260,,,,,,,,,,,,,,,-1.040,,,,,,,,,,,,,373322.00,316.00,4402.00,46.00,,2.04,-2.21,,,,,
JWang OAE,Jwang10,589.87,,,,,,0.70733,,,,,,,,,,,,,,,,,,,,,,,,,,,,,,,-0.880,,,,,,,,,,,,,395135.00,258.00,4263.00,31.00,,2.76,-1.96,,,,,
JWang OAE,Jwang11,618.34,,,,,,0.70736,,,,,,,,,,,,,,,,0.300,,,,,,,,,,,,,,,-0.940,,,,,,,,,,,,,378463.00,289.00,4572.00,42.00,,4.00,-1.70,,,,,
JWang OAE,Jwang12,648.4,,,,,,0.70735,,,,,,,,,,,,,,,,0.270,,,,,,,,,,,,,,,-1.000,,,,,,,,,,,,,378825.00,330.00,4842.00,91.00,,4.20,-1.38,,,,,
JWang OAE,Jwang13,666.82,,,,,,0.70736,,,,,,,,,,,,,,,,0.270,,,,,,,,,,,,,,,-1.160,,,,,,,,,,,,,396037.00,378.00,3961.00,43.00,,5.12,-1.60,,,,,
JWang OAE,Jwang14,686.3,,,,,,0.70736,,,,,,,,,,,,,,,,0.260,,,,,,,,,,,,,,,-1.090,,,,,,,,,,,,,395126.00,385.00,3859.00,37.00,,3.70,-2.67,,,,,
JWang OAE,Jwang15,696.8,,,,,,0.70736,,,,,,,,,,,,,,,,0.250,,,,,,,,,,,,,,,-1.060,,,,,,,,,,,,,384823.00,401.00,4342.00,39.00,,3.92,-2.37,,,,,
JWang OAE,Jwang16,725.1,,,,,,0.70740,,,,,,,,,,,,,,,,0.260,,,,,,,,,,,,,,,-1.030,,,,,,,,,,,,,397212.00,345.00,4112.00,42.00,,3.68,-2.40,,,,,
JWang OAE,Jwang17,744.15,,,,,,0.70741,,,,,,,,,,,,,,,,0.270,,,,,,,,,,,,,,,-0.990,,,,,,,,,,,,,389523.00,378.00,3783.00,39.00,,3.80,-2.08,,,,,
JWang OAE,Jwang18,763.2,,,,,,0.70741,,,,,,,,,,,,,,,,0.320,,,,,,,,,,,,,,,-0.890,,,,,,,,,,,,,383721.00,369.00,3551.00,31.00,,4.65,-1.98,,,,,
JWang OAE,Jwang19,772.65,,,,,,0.70749,,,,,,,,,,,,,,,,0.300,,,,,,,,,,,,,,,-0.890,,,,,,,,,,,,,366748.00,267.00,3678.00,32.00,,4.32,-2.43,,,,,
JWang OAE,Jwang20,794.45,,,,,,0.70750,,,,,,,,,,,,,,,,0.330,,,,,,,,,,,,,,,-0.880,,,,,,,,,,,,,374273.00,358.00,3561.00,37.00,,2.00,-1.72,,,,,
JWang OAE,Jwang21,821.6,,,,,,0.70748,,,,,,,,,,,,,,,,0.280,,,,,,,,,,,,,,,-0.910,,,,,,,,,,,,,371683.00,404.00,4762.00,62.00,,-0.64,-1.30,,,,,
JWang OAE,Jwang22,850.81,,,,,,0.70751,,,,,,,,,,,,,,,,0.290,,,,,,,,,,,,,,,-0.950,,,,,,,,,,,,,370271.00,431.00,5697.00,39.00,,0.52,-2.30,,,,,
JWang OAE,Jwang23,868.9,,,,,,0.70747,,,,,,,,,,,,,,,,0.270,,,,,,,,,,,,,,,-1.060,,,,,,,,,,,,,384991.00,403.00,5729.00,33.00,,2.22,-2.31,,,,,
JWang OAE,Jwang24,878.8,,,,,,0.70747,,,,,,,,,,,,,,,,0.280,,,,,,,,,,,,,,,-1.070,,,,,,,,,,,,,385983.00,394.00,4634.00,39.00,,2.17,-2.86,,,,,
JWang OAE,Jwang25,888.17,,,,,,0.70749,,,,,,,,,,,,,,,,0.290,,,,,,,,,,,,,,,-0.960,,,,,,,,,,,,,396232.00,363.00,4281.00,31.00,,2.30,-2.40,,,,,
JWang OAE,Jwang26,907.85,,,,,,0.70747,,,,,,,,,,,,,,,,0.290,,,,,,,,,,,,,,,-0.950,,,,,,,,,,,,,395882.00,311.00,5970.00,39.00,,2.54,-2.87,,,,,
JWang OAE,Jwang27,924,,,,,,0.70751,,,,,,,,,,,,,,,,0.320,,,,,,,,,,,,,,,-0.880,,,,,,,,,,,,,383325.00,391.00,6055.00,54.00,,0.31,-2.54,,,,,
JWang OAE,Jwang28,943.13,,,,,,0.70750,,,,,,,,,,,,,,,,0.300,,,,,,,,,,,,,,,-1.020,,,,,,,,,,,,,380473.00,449.00,6332.00,35.00,,1.33,-2.51,,,,,
JWang OAE,Jwang29,972.33,,,,,,0.70751,,,,,,,,,,,,,,,,0.290,,,,,,,,,,,,,,,-0.960,,,,,,,,,,,,,386491.00,266.00,8676.00,36.00,,2.40,-2.25,,,,,
JWang OAE,Jwang30,1010.93,,,,,,0.70750,,,,,,,,,,,,,,,,0.300,,,,,,,,,,,,,,,-0.910,,,,,,,,,,,,,381463.00,369.00,5831.00,42.00,,2.53,-1.81,,,,,
JWang OAE,Jwang31,1058.2,,,,,,0.70751,,,,,,,,,,,,,,,,0.330,,,,,,,,,,,,,,,,,,,,,,,,,,,,386347.00,225.00,9127.00,35.00,,1.50,-2.59,,,,,
JWang OAE,Jwang32,1107.2,,,,,,0.70748,,,,,,,,,,,,,,,,0.290,,,,,,,,,,,,,,,-0.930,,,,,,,,,,,,,383040.00,333.00,15908.00,29.00,,2.65,-2.27,,,,,
JWang OAE,Jwang33,1193.75,,,,,,0.70748,,,,,,,,,,,,,,,,0.300,,,,,,,,,,,,,,,-0.910,,,,,,,,,,,,,338819.00,377.00,12472.00,32.00,,1.49,-2.84,,,,,
JWang NeoP,A-1,2.2,,,,,,0.70845,,,,,,,,,,,,,,,,0.350,,,,,,,,,,,,,,,-0.750,,,,,,,,,,,,,,,,,,,,,,,,
JWang NeoP,A-2,4.4,,,,,,0.70849,,,,,,,,,,,,,,,,0.390,,,,,,,,,,,,,,,-0.800,,,,,,,,,,,,,,,,,,,,,,,,
JWang NeoP,A-3,7.6,,,,,,0.70854,,,,,,,,,,,,,,,,0.310,,,,,,,,,,,,,,,-0.980,,,,,,,,,,,,,,,,,,,,,,,,
JWang NeoP,A-4,9.6,,,,,,0.70856,,,,,,,,,,,,,,,,0.320,,,,,,,,,,,,,,,-0.970,,,,,,,,,,,,,,,,,,,,,,,,
JWang NeoP,A-5,11.4,,,,,,0.70868,,,,,,,,,,,,,,,,0.350,,,,,,,,,,,,,,,-0.940,,,,,,,,,,,,,,,,,,,,,,,,
JWang NeoP,A-6,15.3,,,,,,0.70845,,,,,,,,,,,,,,,,0.320,,,,,,,,,,,,,,,-0.910,,,,,,,,,,,,,,,,,,,,,,,,
JWang NeoP,A-7,18,,,,,,0.70976,,,,,,,,,,,,,,,,0.300,,,,,,,,,,,,,,,-1.070,,,,,,,,,,,,,,,,,,,,,,,,
JWang NeoP,A-8,21,,,,,,0.70981,,,,,,,,,,,,,,,,0.310,,,,,,,,,,,,,,,-1.180,,,,,,,,,,,,,,,,,,,,,,,,
JWang NeoP,A-9,23.2,,,,,,0.71006,,,,,,,,,,,,,,,,0.300,,,,,,,,,,,,,,,-1.090,,,,,,,,,,,,,,,,,,,,,,,,
JWang NeoP,A-10,25.7,,,,,,0.71008,,,,,,,,,,,,,,,,0.260,,,,,,,,,,,,,,,-1.190,,,,,,,,,,,,,,,,,,,,,,,,
JWang NeoP,A-11,30.3,,,,,,0.70954,,,,,,,,,,,,,,,,0.410,,,,,,,,,,,,,,,-1.200,,,,,,,,,,,,,,,,,,,,,,,,
JWang NeoP,A-12,34.6,,,,,,0.71145,,,,,,,,,,,,,,,,0.300,,,,,,,,,,,,,,,-0.970,,,,,,,,,,,,,,,,,,,,,,,,
JWang NeoP,A-13,59.5,,,,,,0.71187,,,,,,,,,,,,,,,,0.190,,,,,,,,,,,,,,,-0.810,,,,,,,,,,,,,,,,,,,,,,,,
JWang NeoP,A-14,70.1,,,,,,0.71026,,,,,,,,,,,,,,,,0.360,,,,,,,,,,,,,,,-1.260,,,,,,,,,,,,,,,,,,,,,,,,
JWang NeoP,A-15,80.2,,,,,,0.70856,,,,,,,,,,,,,,,,0.430,,,,,,,,,,,,,,,-1.290,,,,,,,,,,,,,,,,,,,,,,,,
JWang NeoP,A-16,93.4,,,,,,0.70985,,,,,,,,,,,,,,,,0.430,,,,,,,,,,,,,,,-1.320,,,,,,,,,,,,,,,,,,,,,,,,
JWang NeoP,A-17,104.3,,,,,,0.70873,,,,,,,,,,,,,,,,0.510,,,,,,,,,,,,,,,-1.360,,,,,,,,,,,,,,,,,,,,,,,,
JWang NeoP,A-18,117.2,,,,,,0.70855,,,,,,,,,,,,,,,,0.470,,,,,,,,,,,,,,,-1.260,,,,,,,,,,,,,,,,,,,,,,,,
JWang NeoP,A-19,127.2,,,,,,0.70887,,,,,,,,,,,,,,,,0.450,,,,,,,,,,,,,,,-1.240,,,,,,,,,,,,,,,,,,,,,,,,
JWang NeoP,A-20,135.2,,,,,,0.71106,,,,,,,,,,,,,,,,0.490,,,,,,,,,,,,,,,-1.260,,,,,,,,,,,,,,,,,,,,,,,,
JWang NeoP,A-21,140.5,,,,,,0.70931,,,,,,,,,,,,,,,,0.320,,,,,,,,,,,,,,,-1.300,,,,,,,,,,,,,,,,,,,,,,,,
JWang NeoP,O-1,0.1,,,,,,0.70872,,,,,,,,,,,,,,,,0.340,,,,,,,,,,,,,,,-1.180,,,,,,,,,,,,,,,,,,,,,,,,
JWang NeoP,O-2,0.9,,,,,,0.70841,,,,,,,,,,,,,,,,0.340,,,,,,,,,,,,,,,-1.120,,,,,,,,,,,,,,,,,,,,,,,,
JWang NeoP,O-3,3,,,,,,0.70901,,,,,,,,,,,,,,,,0.350,,,,,,,,,,,,,,,-1.080,,,,,,,,,,,,,,,,,,,,,,,,
JWang NeoP,O-4,4.8,,,,,,0.70864,,,,,,,,,,,,,,,,0.340,,,,,,,,,,,,,,,-1.020,,,,,,,,,,,,,,,,,,,,,,,,
JWang NeoP,O-5,7,,,,,,0.70857,,,,,,,,,,,,,,,,0.360,,,,,,,,,,,,,,,-1.110,,,,,,,,,,,,,,,,,,,,,,,,
JWang NeoP,O-6,9,,,,,,0.70945,,,,,,,,,,,,,,,,0.330,,,,,,,,,,,,,,,-1.040,,,,,,,,,,,,,,,,,,,,,,,,
JWang NeoP,O-7,11,,,,,,0.70953,,,,,,,,,,,,,,,,0.380,,,,,,,,,,,,,,,-1.240,,,,,,,,,,,,,,,,,,,,,,,,
JWang NeoP,O-8,13,,,,,,0.70960,,,,,,,,,,,,,,,,0.380,,,,,,,,,,,,,,,-1.240,,,,,,,,,,,,,,,,,,,,,,,,
JWang NeoP,O-9,15,,,,,,0.71014,,,,,,,,,,,,,,,,0.350,,,,,,,,,,,,,,,-1.340,,,,,,,,,,,,,,,,,,,,,,,,
JWang NeoP,O-10,17,,,,,,0.71040,,,,,,,,,,,,,,,,0.290,,,,,,,,,,,,,,,-1.250,,,,,,,,,,,,,,,,,,,,,,,,
JWang NeoP,O-11,21.2,,,,,,0.70952,,,,,,,,,,,,,,,,0.360,,,,,,,,,,,,,,,-1.190,,,,,,,,,,,,,,,,,,,,,,,,
JWang NeoP,O-12,26.2,,,,,,0.70866,,,,,,,,,,,,,,,,0.430,,,,,,,,,,,,,,,-1.080,,,,,,,,,,,,,,,,,,,,,,,,
JWang NeoP,O-13,36.7,,,,,,0.70948,,,,,,,,,,,,,,,,0.340,,,,,,,,,,,,,,,-1.210,,,,,,,,,,,,,,,,,,,,,,,,
JWang NeoP,O-14,45.6,,,,,,0.70922,,,,,,,,,,,,,,,,0.340,,,,,,,,,,,,,,,-1.290,,,,,,,,,,,,,,,,,,,,,,,,
JWang NeoP,O-15,55,,,,,,0.70998,,,,,,,,,,,,,,,,0.300,,,,,,,,,,,,,,,-1.190,,,,,,,,,,,,,,,,,,,,,,,,
JWang NeoP,O-16,73,,,,,,0.71048,,,,,,,,,,,,,,,,0.250,,,,,,,,,,,,,,,-1.160,,,,,,,,,,,,,,,,,,,,,,,,