Group,Sample ID,Sample Name,Height,Through Rad Sr Columns,Through Stable Sr Columns,rsWheel Number,rsDate,rsSample mass for analysis (600 ng Sr),87/86Sr,rsInternal Precision,,rsRep 1 Wheel #,rsRep 1 date,rsRep 1 87/86Sr,rsRep 1 internal precision,rsRep 2 Wheel #,rsRep 2 date,rsRep 2 87/86Sr,rsRep 2 internal precision,,ssSample mass for analysis,ssSpike mass for analysis,,ssWheel Number,ssDate,Stable Sr,ssInternal Precision,,ssRep 1 Wheel #,ssRep 1 date,ssrep 1 value,ssrep 1 internal precision,ssRep 2 Wheel #,ssRep 2 date,srsRep 2 88/86,ssRep 2 internal precision,,CaSample mass for analysis (g) ,Ca spike mass (g),,Wheel #,Date run on TIMS,44/40Ca,Internal Precision,,Rep 1 Wheel #,CaRep 1 date,CaRep 1 ,CaRep 1 internal precision,,Rep 2 Wheel #,CaRep 2 date,CaRep 2,CaRep 2 internal precision,,Sr mmol in rock,Ca mol in rock,Mg mol in rock,d13C,d18O,d26/24 Mg vs DSM 3,d7Li vs LSVEC,Mg (mol/mol Ca),Sr (mmol/mol Ca),Mn (mmol/mol Ca),Li (Î¼mol/mol Ca)
PCsamples,PC1,,6,,,W968,5/12/21,,0.70930,0.000006,,,,,,,,,,,2.0087,0.60617,,W1021,1/24/22,0.3401100,0.0079900,,,,,,,,,,,0.12585,0.6044,,W1010,12/5/21,-0.981,0.02170,,,,,,,,,,,,0.710,2.10E+03,,-4.49,-3.5,,,,3.38E-04,,
PCsamples,PC2,,6.8,,,,,,,,,,,,,,,,,,,,,,,,,,,,,,,,,,,,,,,,,,,,,,,,,,,,,,,,-4.95,-3.77,,,,#DIV/0!,,
PCsamples,PC3,,36.6,,,,,,,,,,,,,,,,,,,,,,,,,,,,,,,,,,,,,,,,,,,,,,,,,,,,,,,,-3.24,-2.71,,,,#DIV/0!,,
PCsamples,PC4,,37.4,,,W968,5/12/21,,0.70715,0.000006,,,,,,,,,,,0.99151,0.6046,,W1021,1/24/22,0.2497900,0.0081400,,,,,,,,,,,0.0506,0.60908,,,,,,,,,,,,,,,,,1.484,5.30E+03,,-3.22,-3.19,,,,2.80E-04,,
PCsamples,PC5,,38.3,,,,,,,,,,,,,,,,,,,,,,,,,,,,,,,,,,,,,,,,,,,,,,,,,,,,,,,,-3.09,-3.08,,,,#DIV/0!,,
PCsamples,PC6,,40.5,,,,,,,,,,,,,,,,,,,,,,,,,,,,,,,,,,,,,,,,,,,,,,,,,,,,,,,,-2.13,-2.82,,,,#DIV/0!,,
PCsamples,PC7,,41.4,,,,,,,,,,,,,,,,,,,,,,,,,,,,,,,,,,,,,,,,,,,,,,,,,,,,,,,,-2.07,-2.87,,,,#DIV/0!,,
PCsamples,PC8,,42.5,,,,,,,,,,,,,,,,,,,,,,,,,,,,,,,,,,,,,,,,,,,,,,,,,,,,,,,,-2.03,-2.54,,,,#DIV/0!,,
PCsamples,PC9,,43.6,,,,,,,,,,,,,,,,,,,,,,,,,,,,,,,,,,,,,,,,,,,,,,,,,,,,,,,,-1.64,-3.26,,,,#DIV/0!,,
PCsamples,PC10,,44.8,,,W968,5/12/21,,0.70744,0.000008,,,,,,,,,,,2.21914,0.64373,,W1023.1,1/24/2022,0.2815100,0.0066200,,,,,,,,,,,0.06362,0.60568,,W1010,12/5/21,-1.207,0.0191,,,,,,,,,,,,0.699,4.44E+03,,-1.43,-1.82,,,,1.58E-04,,
PCsamples,PC11,,45.9,,,,,,,,,,,,,,,,,,,,,,,,,,,,,,,,,,,,,,,,,,,,,,,,,,,,,,,,-0.39,-3.31,,,,#DIV/0!,,
PCsamples,PC12,,46.7,,,,,,,,,,,,,,,,,,,,,,,,,,,,,,,,,,,,,,,,,,,,,,,,,,,,,,,,-1.89,-0.91,,,,#DIV/0!,,
PCsamples,PC13,,48,,,W979,6/14/21,,0.70767,0.000007,,,,,,,,,,,1.72507,0.60966,,W1023.1,1/24/2022,0.4970600,0.0074000,,,,,,,,,,,0.05844,0.60547,,,,,,,,,,,,,,,,,0.903,4.87E+03,,-0.44,-1.83,,,,1.86E-04,,
PCsamples,PC14,,49,,,,,,,,,,,,,,,,,,,,,,,,,,,,,,,,,,,,,,,,,,,,,,,,,,,,,,,,0.3,-1.88,,,,#DIV/0!,,
PCsamples,PC15,,50.3,,,,,,,,,,,,,,,,,,,,,,,,,,,,,,,,,,,,,,,,,,,,,,,,,,,,,,,,0.37,-2.07,,,,#DIV/0!,,
PCsamples,PC16,,51.1,,,W968,5/12/21,,0.70744,0.000007,,,,,,,,,,,1.61472,0.59794,,W1023.1,1/24/2022,0.0921400,0.0071600,,,,,,,,,,,0.04828,0.57951,,W1010,12/5/21,-1.199,0.0193,,,,,,,,,,,,0.898,5.39E+03,,-0.13,2.26,,,,1.67E-04,,
PCsamples,PC17,,52,,,,,,,,,,,,,,,,,,,,,,,,,,,,,,,,,,,,,,,,,,,,,,,,,,,,,,,,0.63,0.78,,,,#DIV/0!,,
PCsamples,PC18,,53.7,,,,,,,,,,,,,,,,,,,,,,,,,,,,,,,,,,,,,,,,,,,,,,,,,,,,,,,,0.51,-2.08,,,,#DIV/0!,,
PCsamples,PC19,,54.5,,,,,,,,,,,,,,,,,,,,,,,,,,,,,,,,,,,,,,,,,,,,,,,,,,,,,,,,0.72,0.54,,,,#DIV/0!,,
PCsamples,PC20,,55.9,,,,,,,,,,,,,,,,,,,,,,,,,,,,,,,,,,,,,,,,,,,,,,,,,,,,,,,,0.13,0.48,,,,#DIV/0!,,
PCsamples,PC21,,57,,,,,,,,,,,,,,,,,,,,,,,,,,,,,,,,,,,,,,,,,,,,,,,,,,,,,,,,0.42,1.62,,,,#DIV/0!,,
PCsamples,PC22,,57.9,,,W968,5/12/21,,0.70744,0.000007,,,,,,,,,,,2.35226,0.6004,,W1023.1,1/24/22,0.6208500,0.00763,,,,,,,,,,,0.04987,0.59853,,W1008,11/30/21,-1.128,0.0284,,W1003_05_06_07,11/24/21,-1.078366,0.021094,,,,,,,0.631,5.37E+03,,0.43,1.4,,,,1.17E-04,,
PCsamples,PC23,,59.2,,,,,,,,,,,,,,,,,,,,,,,,,,,,,,,,,,,,,,,,,,,,,,,,,,,,,,,,1.21,2.17,,,,#DIV/0!,,
PCsamples,PC24,,59.9,,,,,,,,,,,,,,,,,,,,,,,,,,,,,,,,,,,,,,,,,,,,,,,,,,,,,,,,0.6,-0.02,,,,#DIV/0!,,
PCsamples,PC25,,62.5,,,W968,5/12/21,,0.70759,0.000007,,,,,,,,,,,2.023,0.59225,,W1026,high [sr],,,,,,,,,,,,,0.05207,0.58152,,W1003_05_06_07,11/24/21,-0.982942,0.021953,,,,,,,,,,,,0.747,5.39E+03,,0.83,-1.74,,,,1.39E-04,,
PCsamples,PC26,,63.3,,,,,,,,,,,,,,,,,,,,,,,,,,,,,,,,,,,,,,,,,,,,,,,,,,,,,,,,0.87,-4.16,,,,#DIV/0!,,
PCsamples,PC27,,67.3,,,,,,,,,,,,,,,,,,,,,,,,,,,,,,,,,,,,,,,,,,,,,,,,,,,,,,,,0.87,-0.49,,,,#DIV/0!,,
PCsamples,PC28,,68,,,,,,,,,,,,,,,,,,2.221,0.61351,,W1023.1,1/24/22,,no rad,,,,,,,,,,,0.05264,0.60608,,W1008,11/30/2021,-1.0556,0.0219,,,,,,,,,,,,0.703,5.34E+03,,0.96,-3.26,,,,1.32E-04,,
PCsamples,PC29,,69,,,,,,,,,,,,,,,,,,,,,,,,,,,,,,,,,,,,,,,,,,,,,,,,,,,,,,,,0.72,-2.57,,,,#DIV/0!,,
PCsamples,PC30,,70.7,,,,,,,,,,,,,,,,,,,,,,,,,,,,,,,,,,,,,,,,,,,,,,,,,,,,,,,,0.63,-5.62,,,,#DIV/0!,,
PCsamples,PC31,,71.1,,,,,,,,,,,,,,,,,,,,,,,,,,,,,,,,,,,,,,,,,,,,,,,,,,,,,,,,0.54,-4.22,,,,#DIV/0!,,
PCsamples,PC32,,72.6,,,W979,6/14/21,,0.70733,0.000007,,,,,,,,,,,1.46921,0.60425,,W1023.1,1/24/22,0.0272400,0.0081600,,,,,,,,,,,0.05246,0.59243,,W1008,11/30/21,-0.7448,0.0236,,,,,,,,,,,,0.104,5.35E+02,,0.44,-5.74,,,,1.95E-04,,
PCsamples,PC33,,73.6,,,,,,,,,,,,,,,,,,,,,,,,,,,,,,,,,,,,,,,,,,,,,,,,,,,,,,,,0.96,-1.21,,,,#DIV/0!,,
PCsamples,PC34,,74.6,,,,,,,,,,,,,,,,,,,,,,,,,,,,,,,,,,,,,,,,,,,,,,,,,,,,,,,,1.05,-1.38,,,,#DIV/0!,,
PCsamples,PC35,,75.6,,,,,,,,,,,,,,,,,,,,,,,,,,,,,,,,,,,,,,,,,,,,,,,,,,,,,,,,1.06,-2.52,,,,#DIV/0!,,
PCsamples,PC36,,76.6,,,,,,,,,,,,,,,,,,,,,,,,,,,,,,,,,,,,,,,,,,,,,,,,,,,,,,,,0.86,-2.94,,,,#DIV/0!,,
PCsamples,PC37,,77.7,,,W970,5/25/21,,0.707377,0.00001,,,,,,,,,,,1.01831,0.62556,,W1026,weird [sr],,,,,,,,,,,,,0.05127,0.59082,,,,,,,,,,,,,,,,,1.490,5.36E+03,,0.55,-6.03,,,,2.78E-04,,
PCsamples,PC38,,79.3,,,,,,,,,,,,,,,,,,,,,,,,,,,,,,,,,,,,,,,,,,,,,,,,,,,,,,,,0.86,-1.57,,,,#DIV/0!,,
PCsamples,PC39,,80.2,,,,,,,,,,,,,,,,,,,,,,,,,,,,,,,,,,,,,,,,,,,,,,,,,,,,,,,,0.69,-4.35,,,,#DIV/0!,,
PCsamples,PC40,,81.6,,,W970,5/25/21,,0.707006,0.00001,,,,,,,,,,,2.35997,0.63783,,W1026,2/8/22,0.1166160,0.0082700,,,,,,,,,,,0.05319,0.59513,,,,,,,,,,,,,,,,,0.664,5.31E+03,,1.14,-2.1,,,,1.25E-04,,
PCsamples,PC41,,83.1,,,,,,,,,,,,,,,,,,,,,,,,,,,,,,,,,,,,,,,,,,,,,,,,,,,,,,,,1.27,-1.43,,,,#DIV/0!,,
PCsamples,PC42,,84.4,,,,,,,,,,,,,,,,,,,,,,,,,,,,,,,,,,,,,,,,,,,,,,,,,,,,,,,,1.14,-3.19,,,,#DIV/0!,,
PCsamples,PC43,,86.6,,,,,,,,,,,,,,,,,,,,,,,,,,,,,,,,,,,,,,,,,,,,,,,,,,,,,,,,-0.34,-3.23,,,,#DIV/0!,,
PCsamples,PC44,,88.6,,,W979,6/14/21,,0.707981,0.000007,,,,,,,,,,,1.35469,0.61818,,W1023.1,1/24/22,-0.95395,0.00681,,,,,,,,,,,0.05285,0.5711,,,,,,,,,,,,,,,,,1.124,5.26E+03,,-0.26,-8.45,,,,2.14E-04,,
PCsamples,PC45,,90.1,,,,,,,,,,,,,,,,,,,,,,,,,,,,,,,,,,,,,,,,,,,,,,,,,,,,,,,,-0.27,-9.85,,,,#DIV/0!,,
PCsamples,PC46,,92.6,,,W979,6/14/21,,0.707384,0.000006,,,,,,,,,,,2.30141,0.59815,,,,,,,,,,,,,,,,0.05453,0.59943,,,,,,,,,,,,,,,,,0.693,5.34E+03,,-0.07,-1.59,,,,1.30E-04,,
PCsamples,PC47,,93.6,,,,,,,,,,,,,,,,,,,,,,,,,,,,,,,,,,,,,,,,,,,,,,,,,,,,,,,,0.9,-8.64,,,,#DIV/0!,,
PCsamples,PC48,,94.6,,,,,,,,,,,,,,,,,,,,,,,,,,,,,,,,,,,,,,,,,,,,,,,,,,,,,,,,1.36,-7.55,,,,#DIV/0!,,
PCsamples,PC49,,96.2,,,W970,5/25/21,,0.709112,0.00001,,,,,,,,,,,3.377,0.59991,,W1026,weird [sr],,,,,,,,,,,,,0.05238,0.61331,,,,,,,,,,,,,,,,,0.440,5.20E+03,,0.67,-11.29,,,,8.46E-05,,
PCsamples,PC50,,97.9,,,,,,,,,,,,,,,,,,,,,,,,,,,,,,,,,,,,,,,,,,,,,,,,,,,,,,,,0.37,-11.63,,,,#DIV/0!,,
PCsamples,PC51,,99.5,,,,,,,,,,,,,,,,,,,,,,,,,,,,,,,,,,,,,,,,,,,,,,,,,,,,,,,,1.09,-12.17,,,,#DIV/0!,,
PCsamples,PC52,,100.6,,,W970,5/25/21,,0.710195,0.00001,,,,,,,,,,,3.40113,0.5977,,,,,,,,,,,,,,,,0.04934,0.586,,,,,,,,,,,,,,,,,0.354,5.26E+03,,1.21,-12.48,,,,6.74E-05,,
PCsamples,PC53,,101.9,,,,,,,,,,,,,,,,,,,,,,,,,,,,,,,,,,,,,,,,,,,,,,,,,,,,,,,,0.7,-11.62,,,,#DIV/0!,,
PCsamples,PC54,,104.3,,,W970,5/25/21,,0.710447,0.00001,,,,,,,,,,,3.33009,0.63174,,W1023.1,weird [sr],,,,,,,,,,,,,0.0506,0.59242,,,,,,,,,,,,,,,,,0.426,5.24E+03,,2.49,-12.86,,,,8.13E-05,,
PCsamples,PC55,,105.6,,,,,,,,,,,,,,,,,,,,,,,,,,,,,,,,,,,,,,,,,,,,,,,,,,,,,,,,3.06,-13.39,,,,#DIV/0!,,
PCsamples,PC56,,106.3,,,,,,,,,,,,,,,,,,,,,,,,,,,,,,,,,,,,,,,,,,,,,,,,,,,,,,,,2.7,-13.17,,,,#DIV/0!,,
PCsamples,PC57,,107.7,,,W970,5/25/21,,0.709912,0.00001,,,,,,,,,,,3.48427,0.63609,,,,,,,,,,,,,,,,0.04814,0.6082,,,,,,,,,,,,,,,,,0.036,5.30E+02,,2.75,-12.92,,,,6.87E-05,,
PCsamples,PC58,,109.4,,,,,,,,,,,,,,,,,,,,,,,,,,,,,,,,,,,,,,,,,,,,,,,,,,,,,,,,1.26,-11.99,,,,#DIV/0!,,
PCsamples,PC59,,110.6,,,,,,,,,,,,,,,,,,,,,,,,,,,,,,,,,,,,,,,,,,,,,,,,,,,,,,,,1.02,-12.59,,,,#DIV/0!,,
PCsamples,PC60,,111.5,,,W970,5/25/21,,0.710529,0.00001,,,,,,,,,,,2.12016,0.62508,,W1023.1,weird [sr],,,,,,,,,,,,,0.05486,0.59879,,,,,,,,,,,,,,,,,0.747,5.24E+03,,2.24,-13.13,,,,1.43E-04,,
PCsamples,PC61,,113.4,,,,,,,,,,,,,,,,,,,,,,,,,,,,,,,,,,,,,,,,,,,,,,,,,,,,,,,,3.49,-12.86,,,,#DIV/0!,,
PCsamples,PC62,,115.6,,,,,,,,,,,,,,,,,,,,,,,,,,,,,,,,,,,,,,,,,,,,,,,,,,,,,,,,3.84,-13.12,,,,#DIV/0!,,
PCsamples,PC63,,117.6,,,,,,,,,,,,,,,,,,,,,,,,,,,,,,,,,,,0.04829,0.61654,,,,,,,,,,,,,,,,,,5.49E+03,,3.35,-12.22,,,,0.00E+00,,
PCsamples,PB-1,,,,,,,,,,,,,,,,,,,,2.00399,0.03091,,,,,,,,,,,,,,,,,,,,,,,,,,,,,,,,,,,,,3.51,-11.85,,,,,,
HigMeasured,PCh1,,6,,,,,,,,,,,,,,,,,,,,,,,,,,,,,,,,,,,,,,,,,,,,,,,,,,,,,,,,-4.49,-3.5,-1.22,1.03,0.84,0.34,5.48,1.81
HigMeasured,PCh2,,6.8,,,,,,,,,,,,,,,,,,,,,,,,,,,,,,,,,,,,,,,,-1.05,,,,,,,,,,,,,,,,-4.95,-3.77,-1.24,3.19,0.84,0.42,5.37,8.78
HigMeasured,PCh3,,36.6,,,,,,,,,,,,,,,,,,,,,,,,,,,,,,,,,,,,,,,,,,,,,,,,,,,,,,,,-3.24,-2.71,-1.37,5.32,0.97,0.2,0.5,1.42
HigMeasured,PCh4,,37.4,,,,,,,,,,,,,,,,,,,,,,,,,,,,,,,,,,,,,,,,-1.26,,,,,,,,,,,,,,,,-3.22,-3.19,-1.4,3.55,0.97,0.25,0.54,1.21
HigMeasured,PCh5,,38.3,,,,,,,,,,,,,,,,,,,,,,,,,,,,,,,,,,,,,,,,,,,,,,,,,,,,,,,,-3.09,-3.08,-1.33,5.85,0.97,0.23,0.72,0.72
HigMeasured,PCh6,,40.5,,,,,,,,,,,,,,,,,,,,,,,,,,,,,,,,,,,,,,,,-1.33,,,,,,,,,,,,,,,,-2.13,-2.82,-1.32,3,1,0.17,0.9,7.47
HigMeasured,PCh7,,41.4,,,,,,,,,,,,,,,,,,,,,,,,,,,,,,,,,,,,,,,,-1.27,,,,,,,,,,,,,,,,-2.07,-2.87,-1.45,,0.98,0.16,0.87,1.35
HigMeasured,PCh8,,42.5,,,,,,,,,,,,,,,,,,,,,,,,,,,,,,,,,,,,,,,,-1.3,,,,,,,,,,,,,,,,-2.03,-2.54,-1.37,3.16,0.96,0.18,1.56,1.15
HigMeasured,PCh9,,43.6,,,,,,,,,,,,,,,,,,,,,,,,,,,,,,,,,,,,,,,,-1.27,,,,,,,,,,,,,,,,-1.64,-3.26,-1.44,2.2,0.99,0.17,1.4,1.87
HigMeasured,PCh10,,44.8,,,,,,,,,,,,,,,,,,,,,,,,,,,,,,,,,,,,,,,,-1.12,,,,,,,,,,,,,,,,-1.43,-1.82,-1.45,4.19,1.02,0.16,1.58,1.82
HigMeasured,PCh11,,45.9,,,,,,,,,,,,,,,,,,,,,,,,,,,,,,,,,,,,,,,,-1.28,,,,,,,,,,,,,,,,-0.39,-3.31,-1.5,3.5,0.93,0.14,1.37,1.23
HigMeasured,PCh12,,46.7,,,,,,,,,,,,,,,,,,,,,,,,,,,,,,,,,,,,,,,,-1.32,,,,,,,,,,,,,,,,-1.89,-0.91,-1.56,3.42,0.99,0.16,0.77,2.14
HigMeasured,PCh13,,48,,,,,,,,,,,,,,,,,,,,,,,,,,,,,,,,,,,,,,,,-1.28,,,,,,,,,,,,,,,,-0.44,-1.83,-1.36,,0.98,0.24,1.04,0.15
HigMeasured,PCh14,,49,,,,,,,,,,,,,,,,,,,,,,,,,,,,,,,,,,,,,,,,-1.26,,,,,,,,,,,,,,,,0.3,-1.88,-1.35,6.35,0.99,0.14,0.89,0.97
HigMeasured,PCh15,,50.3,,,,,,,,,,,,,,,,,,,,,,,,,,,,,,,,,,,,,,,,-1.2,,,,,,,,,,,,,,,,0.37,-2.07,-1.4,,0.97,0.17,1.37,0.9
HigMeasured,PCh16,,51.1,,,,,,,,,,,,,,,,,,,,,,,,,,,,,,,,,,,,,,,,-1.18,,,,,,,,,,,,,,,,-0.13,2.26,-1.57,7.79,0.99,0.15,0.92,2
HigMeasured,PCh17,,52,,,,,,,,,,,,,,,,,,,,,,,,,,,,,,,,,,,,,,,,-1.14,,,,,,,,,,,,,,,,0.63,0.78,-1.5,7.88,0.97,0.15,1.33,1.65
HigMeasured,PCh18,,53.7,,,,,,,,,,,,,,,,,,,,,,,,,,,,,,,,,,,,,,,,-1.14,,,,,,,,,,,,,,,,0.51,-2.08,-1.39,8.46,1.01,0.15,1.84,2.42
HigMeasured,PCh19,,54.5,,,,,,,,,,,,,,,,,,,,,,,,,,,,,,,,,,,,,,,,-1.12,,,,,,,,,,,,,,,,0.72,0.54,-1.61,7.22,1,0.15,2.24,2.04
HigMeasured,PCh20,,55.9,,,,,,,,,,,,,,,,,,,,,,,,,,,,,,,,,,,,,,,,-1.01,,,,,,,,,,,,,,,,0.13,0.48,-1.95,8.92,1,0.13,1.27,2.05
HigMeasured,PCh21,,57,,,,,,,,,,,,,,,,,,,,,,,,,,,,,,,,,,,,,,,,-0.98,,,,,,,,,,,,,,,,0.42,1.62,-1.78,9.59,0.98,0.13,1.65,1.46
HigMeasured,PCh22,,57.9,,,,,,,,,,,,,,,,,,,,,,,,,,,,,,,,,,,,,,,,-0.78,,,,,,,,,,,,,,,,0.43,1.4,-1.66,9.51,1,0.12,1.34,1.15
HigMeasured,PCh23,,59.2,,,,,,,,,,,,,,,,,,,,,,,,,,,,,,,,,,,,,,,,-0.86,,,,,,,,,,,,,,,,1.21,2.17,-1.72,9.22,1.01,0.14,1.99,1.83
HigMeasured,PCh24,,59.9,,,,,,,,,,,,,,,,,,,,,,,,,,,,,,,,,,,,,,,,,,,,,,,,,,,,,,,,0.6,-0.02,-1.61,9.19,1.02,0.14,1.33,1.88
HigMeasured,PCh25,,62.5,,,,,,,,,,,,,,,,,,,,,,,,,,,,,,,,,,,,,,,,-0.65,,,,,,,,,,,,,,,,0.83,-1.74,-1.67,9.73,1,0.12,1.31,1.28
HigMeasured,PCh26,,63.3,,,,,,,,,,,,,,,,,,,,,,,,,,,,,,,,,,,,,,,,-0.89,,,,,,,,,,,,,,,,0.87,-4.16,-1.5,8.27,1,0.15,1.87,1.77
HigMeasured,PCh27,,67.3,,,,,,,,,,,,,,,,,,,,,,,,,,,,,,,,,,,,,,,,-0.78,,,,,,,,,,,,,,,,0.87,-0.49,-1.59,9.62,1.01,0.12,1.81,1.9
HigMeasured,PCh28,,68,,,,,,,,,,,,,,,,,,,,,,,,,,,,,,,,,,,,,,,,-0.77,,,,,,,,,,,,,,,,0.96,-3.26,-1.41,7.91,1,0.13,1.92,1.7
HigMeasured,PCh29,,69,,,,,,,,,,,,,,,,,,,,,,,,,,,,,,,,,,,,,,,,-0.85,,,,,,,,,,,,,,,,0.72,-2.57,-1.68,,1.04,0.18,2.32,1.76
HigMeasured,PCh30,,70.7,,,,,,,,,,,,,,,,,,,,,,,,,,,,,,,,,,,,,,,,-0.6,,,,,,,,,,,,,,,,0.63,-5.62,-1.8,8.68,1.03,0.17,1.01,1.67
HigMeasured,PCh31,,71.1,,,,,,,,,,,,,,,,,,,,,,,,,,,,,,,,,,,,,,,,,,,,,,,,,,,,,,,,0.54,-4.22,-1.68,8.4,1.04,0.18,0.99,1.82
HigMeasured,PCh32,,72.6,,,,,,,,,,,,,,,,,,,,,,,,,,,,,,,,,,,,,,,,-0.25,,,,,,,,,,,,,,,,0.44,-5.74,-1.8,9.52,1.02,0.24,0.45,1.69
HigMeasured,PCh33,,73.6,,,,,,,,,,,,,,,,,,,,,,,,,,,,,,,,,,,,,,,,-0.37,,,,,,,,,,,,,,,,0.96,-1.21,-1.88,11.31,0.99,0.32,0.48,1.4
HigMeasured,PCh34,,74.6,,,,,,,,,,,,,,,,,,,,,,,,,,,,,,,,,,,,,,,,-0.55,,,,,,,,,,,,,,,,1.05,-1.38,,,1.01,0.28,0.67,1.56
HigMeasured,PCh35,,75.6,,,,,,,,,,,,,,,,,,,,,,,,,,,,,,,,,,,,,,,,,,,,,,,,,,,,,,,,1.06,-2.52,-1.74,,1.01,0.25,0.5,0.53
HigMeasured,PCh36,,76.6,,,,,,,,,,,,,,,,,,,,,,,,,,,,,,,,,,,,,,,,-0.48,,,,,,,,,,,,,,,,0.86,-2.94,-1.7,11.96,1.05,0.24,0.56,1.35
HigMeasured,PCh37,,77.7,,,,,,,,,,,,,,,,,,,,,,,,,,,,,,,,,,,,,,,,-0.82,,,,,,,,,,,,,,,,0.55,-6.03,-1.69,9.85,1.01,0.22,0.61,1.31
HigMeasured,PCh38,,79.3,,,,,,,,,,,,,,,,,,,,,,,,,,,,,,,,,,,,,,,,-0.71,,,,,,,,,,,,,,,,0.86,-1.57,-1.76,8.32,1.01,0.28,0.57,1.09
HigMeasured,PCh39,,80.2,,,,,,,,,,,,,,,,,,,,,,,,,,,,,,,,,,,,,,,,-0.61,,,,,,,,,,,,,,,,0.69,-4.35,-1.61,12.04,1.03,0.29,0.56,0.74
HigMeasured,PCh40,,81.6,,,,,,,,,,,,,,,,,,,,,,,,,,,,,,,,,,,,,,,,-0.56,,,,,,,,,,,,,,,,1.14,-2.1,-1.69,12.73,1.01,0.32,0.35,1.96
HigMeasured,PCh41,,83.1,,,,,,,,,,,,,,,,,,,,,,,,,,,,,,,,,,,,,,,,-0.41,,,,,,,,,,,,,,,,1.27,-1.43,-1.85,8.49,1.03,0.29,0.15,1.65
HigMeasured,PCh42,,84.4,,,,,,,,,,,,,,,,,,,,,,,,,,,,,,,,,,,,,,,,-0.7,,,,,,,,,,,,,,,,1.14,-3.19,-1.91,5.94,1.06,0.18,0.12,0.5
HigMeasured,PCh43,,86.6,,,,,,,,,,,,,,,,,,,,,,,,,,,,,,,,,,,,,,,,,,,,,,,,,,,,,,,,-0.34,-3.23,,10.68,1,0.23,0.2,2.29
HigMeasured,PCh44,,88.6,,,,,,,,,,,,,,,,,,,,,,,,,,,,,,,,,,,,,,,,-0.93,,,,,,,,,,,,,,,,-0.26,-8.45,-1.13,8.04,0.97,0.13,0.38,1.64
HigMeasured,PCh45,,90.1,,,,,,,,,,,,,,,,,,,,,,,,,,,,,,,,,,,,,,,,-0.94,,,,,,,,,,,,,,,,-0.27,-9.85,-1.14,6.35,0.99,0.14,0.95,1.55
HigMeasured,PCh46,,92.6,,,,,,,,,,,,,,,,,,,,,,,,,,,,,,,,,,,,,,,,-0.85,,,,,,,,,,,,,,,,-0.07,-1.59,-1.06,8.48,0.92,0.21,0.49,0.69
HigMeasured,PCh47,,93.6,,,,,,,,,,,,,,,,,,,,,,,,,,,,,,,,,,,,,,,,-0.72,,,,,,,,,,,,,,,,0.9,-8.64,-1.53,3.96,0.99,0.23,0.51,1.12
HigMeasured,PCh48,,94.6,,,,,,,,,,,,,,,,,,,,,,,,,,,,,,,,,,,,,,,,-0.55,,,,,,,,,,,,,,,,1.36,-7.55,-1.5,,1.02,0.17,0.39,0.83
HigMeasured,PCh49,,96.2,,,,,,,,,,,,,,,,,,,,,,,,,,,,,,,,,,,,,,,,-0.83,,,,,,,,,,,,,,,,0.67,-11.29,-1.27,8.12,1,0.12,0.83,0.97
HigMeasured,PCh50,,97.9,,,,,,,,,,,,,,,,,,,,,,,,,,,,,,,,,,,,,,,,-0.94,,,,,,,,,,,,,,,,0.37,-11.63,-1.23,7.71,0.98,0.1,0.52,1.48
HigMeasured,PCh51,,99.5,,,,,,,,,,,,,,,,,,,,,,,,,,,,,,,,,,,,,,,,-1.13,,,,,,,,,,,,,,,,1.09,-12.17,-0.91,,0.95,0.1,3.25,10.01
HigMeasured,PCh52,,100.6,,,,,,,,,,,,,,,,,,,,,,,,,,,,,,,,,,,,,,,,-0.9,,,,,,,,,,,,,,,,1.21,-12.48,-0.95,6.07,0.99,0.08,1.67,0.62
HigMeasured,PCh53,,101.9,,,,,,,,,,,,,,,,,,,,,,,,,,,,,,,,,,,,,,,,-0.92,,,,,,,,,,,,,,,,0.7,-11.62,-1.27,8.55,0.99,0.13,0.72,0.86
HigMeasured,PCh54,,104.3,,,,,,,,,,,,,,,,,,,,,,,,,,,,,,,,,,,,,,,,-1.03,,,,,,,,,,,,,,,,2.49,-12.86,-0.85,6.17,0.98,0.07,1.3,0.69
HigMeasured,PCh55,,105.6,,,,,,,,,,,,,,,,,,,,,,,,,,,,,,,,,,,,,,,,-0.77,,,,,,,,,,,,,,,,3.06,-13.39,-0.57,4.98,0.97,0.11,1.45,0.5
HigMeasured,PCh56,,106.3,,,,,,,,,,,,,,,,,,,,,,,,,,,,,,,,,,,,,,,,-1.09,,,,,,,,,,,,,,,,2.7,-13.17,-0.68,,0.96,0.08,1.79,0.57
HigMeasured,PCh57,,107.7,,,,,,,,,,,,,,,,,,,,,,,,,,,,,,,,,,,,,,,,-1.07,,,,,,,,,,,,,,,,2.75,-12.92,-0.94,7.56,1,0.07,1.78,0.7
HigMeasured,PCh58,,109.4,,,,,,,,,,,,,,,,,,,,,,,,,,,,,,,,,,,,,,,,-0.93,,,,,,,,,,,,,,,,1.26,-11.99,-0.99,7.25,1.01,0.1,0.83,0.44
HigMeasured,PCh59,,110.6,,,,,,,,,,,,,,,,,,,,,,,,,,,,,,,,,,,,,,,,-0.9,,,,,,,,,,,,,,,,1.02,-12.59,-1.04,7.52,0.96,0.06,0.44,1.41
HigMeasured,PCh60,,111.5,,,,,,,,,,,,,,,,,,,,,,,,,,,,,,,,,,,,,,,,-1.13,,,,,,,,,,,,,,,,2.24,-13.13,-0.87,6.3,1,0.09,3.28,0.65
HigMeasured,PCh61,,113.4,,,,,,,,,,,,,,,,,,,,,,,,,,,,,,,,,,,,,,,,-0.97,,,,,,,,,,,,,,,,3.49,-12.86,-0.62,6.79,0.97,0.09,1.95,0.56
HigMeasured,PCh62,,115.6,,,,,,,,,,,,,,,,,,,,,,,,,,,,,,,,,,,,,,,,-1.12,,,,,,,,,,,,,,,,3.84,-13.12,-0.71,5,0.97,0.06,1.84,1.81
HigMeasured,PCh63,,117.6,,,,,,,,,,,,,,,,,,,,,,,,,,,,,,,,,,,,,,,,-0.83,,,,,,,,,,,,,,,,3.35,-12.22,-1.28,8.2,1.01,0.12,0.47,8.78
,,,,,,,,,,,,,,,,,,,,,,,,,,,,,,,,,,,,,,,,,,,-0.83,,,,,,,,,,,,,,,,3.51,-11.85,-1.6,8.25,0.99,0.09,0.5,1.42